1,DIMOO World - Travel Series,DIMOO,DIMOO World - Travel Series
2,DIMOO World - Weaving Wonders Series,DIMOO,DIMOO World - Weaving Wonders Series
3,DIMOO World - Animal Kingdom Series,DIMOO,DIMOO World - Animal Kingdom Series
4,Harry Potter,J.K Rowling,Pop Mart from Harry Potter
5,Disney Winnie the Pooh Gift Giving,A. A. Milne,Disney Winnie the Pooh Gift Giving
6,Liverpool F.C. King of Europe,Arne Slot,The best players from the biigest club in the world
7,Chelsea FC,John Terry,Blue People
8,Manchester United,Erik Ten Hag,Red People
9,Labubu,Kasing Lung,Furry elf figures
