1,shanepee.com/image/00000001
1,shanepee.com/image/00000002
1,shanepee.com/image/00000003
2,shanepee.com/image/00000004
2,shanepee.com/image/00000005
2,shanepee.com/image/00000006
3,shanepee.com/image/00000007
3,shanepee.com/image/00000008
3,shanepee.com/image/00000009
4,shanepee.com/image/00000010
4,shanepee.com/image/00000011
4,shanepee.com/image/00000012
5,shanepee.com/image/00000013
5,shanepee.com/image/00000014
5,shanepee.com/image/00000015
6,shanepee.com/image/00000016
6,shanepee.com/image/00000017
6,shanepee.com/image/00000018
7,shanepee.com/image/00000019
7,shanepee.com/image/00000020
7,shanepee.com/image/00000021
8,shanepee.com/image/00000022
8,shanepee.com/image/00000023
8,shanepee.com/image/00000024
9,shanepee.com/image/00000025
9,shanepee.com/image/00000026
9,shanepee.com/image/00000027
10,shanepee.com/image/00000028
10,shanepee.com/image/00000029
10,shanepee.com/image/00000030
